group,n,TPR_high,FPR_high,Pct_high_band,Pct_intensive_mentoring
0,668,0.83984375,0.11650485436893204,0.3937125748502994,0.2754491017964072
1,217,0.6428571428571429,0.042328042328042326,0.11981566820276497,0.07373271889400922
