group,n,TPR_high,FPR_high,Pct_high_band,Pct_intensive_mentoring
0,580,0.7816901408450704,0.06164383561643835,0.23793103448275862,0.16034482758620688
1,305,0.8591549295774648,0.17791411042944785,0.49508196721311476,0.35081967213114756
